﻿{
  "biomes": {
    "default": {
      "water_surface_color": "#44AFF5",
      "water_surface_transparency": 0.8,
      "fog_identifier": "consolegraphics:custom_fog_default",
      "inherit_from_prior_fog": false
    },
    "swampland": {
      "water_surface_color": "#4c6559",
      "water_surface_transparency": 0.8,
      "fog_identifier": "minecraft:fog_swampland",
      "inherit_from_prior_fog": false
    },
    "swampland_mutated": {
      "water_surface_color": "#4c6156",
      "water_surface_transparency": 0.8,
      "fog_identifier": "minecraft:fog_swampland_mutated",
      "inherit_from_prior_fog": false
    },
    "warm_ocean": {
      "water_surface_color": "#02B0E5",
      "water_surface_transparency": 0.8,
      "fog_identifier": "minecraft:fog_warm_ocean",
      "inherit_from_prior_fog": false
    },
    "the_end": {
      "water_surface_color": "#62529E",
      "fog_identifier": "consolegraphics:custom_fog_the_end",
      "inherit_from_prior_fog": false
    }
  }
}
