{
   "content" : [
      {
         "path" : "pack_icon.png"
      },
      {
         "path" : "contents.json"
      },
      {
         "path" : "ui/debug_screen.json"
      },
      {
         "path" : "textures/misc/enchanted_item_glint.png"
      },
      {
         "path" : "textures/environment/weather.png"
      },
      {
         "path" : "manifest.json"
      },
      {
         "path" : "fogs/custom_default_fog_settings.json"
      },
      {
         "path" : "textures/colormap/swamp_grass.png"
      },
      {
         "path" : "textures/textures_list.json"
      },
      {
         "path" : "textures/colormap/swamp_foliage.png"
      },
      {
         "path" : "biomes_client.json"
      },
      {
         "path" : "textures/colormap/evergreen.png"
      },
      {
         "path" : "textures/colormap/grass.png"
      },
      {
         "path" : "textures/colormap/foliage.png"
      },
      {
         "path" : "ui/_ui_defs.json"
      },
      {
         "path" : "fogs/custom_the_end_settings.json"
      },
      {
         "path" : "textures/environment/end_sky.png"
      },
      {
         "path" : "textures/colormap/birch.png"
      }
   ],
   "version" : 1
}
